<?xml version="1.0" encoding="UTF-8" standalone="yes"?>
<addon id="plugin.program.jcctv" name="JCCTV Wizard" version="0.1.0" provider-name="jcc">
  <requires>
    <import addon="xbmc.python" version="2.1.0"/>
  </requires>
  <extension point="xbmc.python.pluginsource" library="default.py">
    <provides>executable</provides>
  </extension>
  <extension point="xbmc.service" library="startup.py" start="startup" />
  <extension point="xbmc.addon.metadata">
    <summary lang="en">JCCTV Wizard</summary>
    <description lang="en">JCCTV Wizard offers a complete TV solution.</description>
    <platform>all</platform>
  </extension>
</addon>
