<?xml version="1.0" encoding="UTF-8" standalone="yes"?>
<addon id="repository.jcctv" name="JCCTV Repository" version="1.0" provider-name="JCC">
    <extension point="xbmc.addon.repository" name="JCCTV Repository">
        <dir>
            <info compressed="false">https://raw.githubusercontent.com/jcctv/jcctv.github.io/master/zips/addons.xml</info>
            <checksum>https://raw.githubusercontent.com/jcctv/jcctv.github.io/master/zips/addons.xml.md5</checksum>
            <datadir zip="true">https://github.com/jcctv/jcctv.github.io/raw/master/zips/</datadir>
        </dir>
    </extension>
    <extension point="xbmc.addon.metadata">
        <summary>JCCTV's Kodi Repository</summary>
        <description>JCCTV Builds</description>
        <disclaimer></disclaimer>
        <platform>all</platform>
        <assets>
            <icon>icon.png</icon>
            <fanart>fanart.jpg</fanart>
        </assets>
    </extension>
</addon>